"experiment_ID","experiment_year","genotype_level","genotype_name","crop_id"
"LTFE_Duernast","2015",1,"Lennox","WHT"
"LTFE_Duernast","2016",1,"Lapriora","MAZ"
"LTFE_Duernast","2017",1,"Kerubino","WHT"
"LTFE_Duernast","2018",1,"Amagrano","MAZ"
"LTFE_Duernast","2018",2,"Amagrano",NA
"LTFE_Duernast","2018",3,"Keine Angabe","MAZ"
"LTFE_Duernast","2018",4,"Keine Angabe",NA
"LTFE_Duernast","2019",1,"Apostel","WHT"
"LTFE_Duernast","2020",1,"Sharki","WHT"
"LTFE_Duernast","2021",1,"Sandra","BAR"
"LTFE_Duernast","2022",1,"Agrobeppo","MAZ"
